,word
0,tiki
1,seal
2,iphone
3,shiper
4,trading
5,active
6,god
7,check
8,samsung
9,aple
10,â€¦
11,game
12,vna
13,ful
14,ip
15,sale
16,ğŸ˜†
17,lag
18,otp
19,ap
20,tikinow
21,now
22,pro
23,review
24,ğŸ‘Œ
25,xiaomi
26,imei
27,web
28,fpt
29,wifi
30,youtube
31,zalo
32,tr5
33,s20
34,ï¸
35,max
36,cskh
37,android
38,moca
39,anker
40,hn
41,voucher
42,xÃ²
43,tgdÄ‘
44,nguyen
45,tgd
46,facebook
47,ğŸ˜„
48,galaxy
49,â€
50,astra
51,shopback
52,hcm
53,note
54,tikitrading
55,up
56,â¤
57,new
58,ğŸ˜
59,best
60,fulbox
61,zin
62,star
63,h30
64,rat
65,deal
66,â€œ
67,hsbc
68,ip1
69,reset
70,code
71,nokia
72,cug
73,lun
74,promax
75,ios
76,email
77,thanks
78,ğŸ¤©
79,vote
80,pham
81,bh
82,friday
83,ğŸ»
84,black
85,ğŸ‡³
86,ğŸ‡»
87,miui
88,lazada
89,facebok
90,goi
91,ğŸ˜Š
92,exynos
93,admin
94,plus
95,clip
96,ğŸ¤£
97,ip12
98,sacombank
99,ip13
100,pink
101,update
102,rÃ¹i
103,gogle
104,sac
105,sales
106,unbox
107,snapdragon
108,tÃ´t
109,luong
110,dien
111,phone
112,xai
113,net
114,carton
115,pova
116,xr
117,ghn
118,comment
119,super
120,â™¥
121,ğŸ¥²
122,gh
123,nilong
124,ipad
125,tiep
126,â™€
127,â€
128,ğŸ™†
129,tuyet
130,tbh
131,mobile
132,nilon
133,gt
134,sáº³n
135,hag
136,luá»ng
137,load
138,tiktok
139,duoc
140,type
141,series
142,mah
143,set
144,tg
145,tr3
146,team
147,tphcm
148,chá»•
149,bot
150,back
151,t7
152,retina
153,xdr
154,truoc
155,â€¢
156,expres
157,coment
158,a34
159,redmi
160,Ä‘th
161,há»‹n
162,sáº£m
163,tien
164,sil
165,amazing
166,hapy
167,s8
168,s21
169,this
170,snap
171,delay
172,selfie
173,blue
174,platinum
175,Ä‘h
176,tr7
177,Ä‘Ãºg
178,tr9
179,dm
180,nhieu
181,ted
182,ğŸ’™
183,and
184,haiz
185,airdrop
186,opo
187,out
188,ğŸ˜
189,citibank
190,flashsale
191,ğŸ‘
192,activate
193,icloud
194,id
195,Ä‘ep
196,fine
197,bluetoth
198,like
199,alo
200,xah
201,hotline
202,má»Ÿi
203,discount
204,rut
205,s2
206,vien
207,s10
208,pay
209,nhg
210,recomended
211,pháº£m
212,tr10
213,ninja
214,ğŸ€
215,kn
216,telegram
217,fptshop
218,drive
219,pk
220,one
221,hÆ¡p
222,font
223,njv
224,ctkm
225,xuat
226,t2
227,ğŸ·
228,pubg
229,shiping
230,bonus
231,sÃ£n
232,silicon
233,ğŸ˜‹
234,q9
235,charge
236,form
237,adapter
238,Ä‘ien
239,service
240,theme
241,qt
242,fix
243,godjob
244,muot
245,unmeishop
246,down
247,mÃ¬h
248,kiem
249,website
250,coupon
251,ğŸƒ
252,fai
253,recomend
254,os
255,auto
256,ná»­aÄ‘Ãªmtikigiaoiphone15
257,ğŸ’¯
258,ofline
259,viet
260,nÅ©a
261,thuá»ng
262,bank
263,tr90
264,sealed
265,ghj
266,tieng
267,xÆ°á»›t
268,itel
269,kich
270,isue
271,bil
272,thk
273,tmdt
274,mÆ°Æ¡t
275,gorila
276,tr2
277,h30p
278,nsx
279,Ã­u
280,same
281,samcenter
282,luon
283,ip6
284,ğŸ’š
285,scren
286,flaship
287,shock
288,sane
289,tn
290,q1
291,pascode
292,data
293,nka
294,nm
295,mobi
296,tikicare
297,games
298,tr490
299,má»«n
300,rÃ´i
301,esim
302,jack
303,wide
304,ultra
305,s23
306,onscren
307,gods
308,má»‘p
309,job
310,tmÄ‘t
311,amoled
312,ip68
313,flagship
314,word
315,serial
316,s20fe
317,hÄ‘
318,ngháº»
319,transfer
320,lá»©m
321,sock
322,ğŸ¥º
323,ğŸ˜»
324,sag
325,chuanr
326,h0
327,ğŸ˜½
328,tini
329,dv
330,crush
331,okok
332,gop
333,ğŸŒ
334,topzone
335,viÃªt
336,chÃªch
337,dfg
338,reno
339,ket
340,x20
341,x40
342,pm
343,uniformity
344,rate
345,bds
346,hj
347,hÃ´k
348,chÃºnh
349,safari
350,packing
351,hcmc
352,Ä‘ongs
353,lonf
354,activated
355,cho2i
356,ğŸ˜‡
357,â˜
358,sevice
359,hungviland
360,style
361,dieu
362,h38
363,mlk
364,tm
365,restart
366,dntn
367,Ä‘iáº¹n
368,mjnh
369,lien
370,camtele
371,mst
372,tpcam
373,pcam
374,lhe
375,tk
376,chungf
377,reply
378,dl
379,lya
380,kien
381,nguÃ´n
382,sahp
383,hoat
384,tranding
385,imel
386,show
387,chá»‹ch
388,smartphone
389,mbank
390,quoc
391,yuotube
392,s20e
393,vl
394,tá»•t
395,price
396,vÃ¬eo
397,lá»•i
398,reasonable
399,sá»‹nh
400,sealgiao
401,chinsh
402,factory
403,pixel
404,h20
405,kil
406,sev
407,vaf
408,dont
409,use
410,you
411,mÃ¡g
412,qiyáº¿t
413,traning
414,refer
415,impact
416,genshin
417,hÄ‘h
418,usb
419,typec
420,ze
421,wil
422,get
423,moblie
424,that
425,Ä‘vc
426,fps
427,buon
428,hÃ ngkhÃ´ng
429,tuyewt
430,fit
431,kháº³
432,vÆ°á»›t
433,tr490k
434,cap
435,bat
436,regret
437,ahu
438,ksc
439,motor
440,zsjwsjsndnnddnndnxndndndnd
441,f3
442,poco
443,ğŸ¤¬
444,nhat
445,suÃ¡t
446,mes
447,gold
448,caton
449,tuki
450,mami
451,shoping
452,setup
453,seting
454,standrad
455,bhÄ‘t
456,pim
457,dag
458,streo
459,db
460,a03
461,core
462,hÃ¬n
463,services
464,videocal
465,inserted
466,phiá»ƒn
467,Ä‘áº§i
468,fet
469,deu
470,dating
471,cpuz
472,goy
473,ğŸ¤¤
474,phoneinfo
475,mbpx
476,firmware
477,háº§n
478,sgn
479,ğŸ˜¡
480,ux
481,cac
482,tren
483,bug
484,kmai
485,neu
486,tat
487,nh
488,tiki5sao
489,cho4
490,tecnoshop
491,oto
492,lawmd
493,mog
494,mic
495,natural
496,esmejeib2vyzbsnsmwiwvyd7h3
497,zom
498,vuá»«a
499,luck
500,lq
501,gioef
502,task
503,lightning
504,twiter
505,hÃ ngnhanh
506,á»k
507,shied
508,usbc
509,ğŸ˜˜
510,luac
511,sacobank
512,citi
513,thá»©6
514,zá»‹
515,laged
516,hot
517,otpgá»i
518,jejdkdmdjd
519,vbtgv
520,ferari
521,nhanhdien
522,parkinson
523,imeiinfo
524,okchá»¥p
525,áº£nhi
526,Ä‘uoc
527,lá»³
528,videos
529,lac
530,okshop
531,rÃ¢t
532,whatsap
533,a26
534,hqa
535,ubhb
536,smart
537,hinv7b
538,jinh
539,pastel
540,chuáº§n
541,sory
542,vpbank
543,caia
544,dragon
545,tÃ up
546,Ä‘Äƒn
547,kiti
548,bed
549,cháº³g
550,s9
551,sip
552,buz
553,tiÃªp
554,tr4
555,dau
556,utra
557,hash
558,t50
559,jejnep
560,káº¹neheb
561,okgiao
562,play
563,ruig
564,dunhf
565,case
566,u50
567,ip14max
568,ching
569,nhjdn
570,luongj
571,khghsbd
572,Ä‘mx
573,yáº·ng
574,microsoft
575,â˜º
576,satisfied
577,pháº¥m
578,zlip
579,mot
580,vkl
581,mint
582,highly
583,ráº¥c
584,unlock
585,lock
586,bÃ¢ybysugá»
587,shopdun
588,celphone
589,trá»­
590,chup
591,wonderful
592,cháº¯
593,headphone
594,tayk
595,áº¿u
596,tr50
597,h5
598,airpod
599,boc
600,tikitradinh
601,zÃ¬n
602,qyua
603,vietibank
604,qa
605,stores
606,lcd
607,mode
608,night
609,sÃ¡mung
610,sugá»bÃ¢ybi
611,t4
612,t6
613,tr1
614,thegioidong
615,v13
616,restrictions
617,greyed
618,disable
619,center
620,control
621,psc
622,ğŸ˜Œ
623,ğŸ¤“
624,emei
625,ngá»—n
626,hdr
627,bionic
628,a15
629,panic
630,counter
631,dui
632,nhiÃ¨u
633,moka
634,khach
635,h47
636,huawei
637,tr50k
638,vlog
639,vocher
640,tracking
641,inbox
642,thuáº©n
643,cod
644,phata
645,kÃ­c
646,products
647,nchung
648,gtri
649,pr
650,cels
651,cover
652,mieu
653,ğŸ˜—
654,ol
655,ip6s
656,luomgj
657,pháº©
658,cinematic
659,lus
660,mqcs
661,codn
662,Ä‘v
663,ip7
664,feedback
665,click
666,Ä‘uá»c
667,mobiphone
668,zá»i
669,vÄ‘á»
670,earphone
671,description
672,xsmax
673,notch
674,hÆ°a
675,ğŸ¤”
676,ğŸ˜…
677,jnt
678,hsv
679,kcg
680,fl
681,az
682,ncl
683,hdsd
684,mevabeaiko
685,mevabeunmei
686,ğŸ»
687,ğŸŒ¿
688,ğŸ˜
689,opt
690,teakey
691,unmei
692,mevabe
693,unmeicomvn
694,baby
695,babyshop
696,ğŸ˜µ
697,ğŸ˜‘
698,nhak
699,hanoi
700,Ã½sáº£n
701,saigon
702,a13
703,part
704,newseal
705,img
706,vietinbank
707,lÆ°á»£g
708,earpods
709,rv
710,vatvo
711,ğŸ’–
712,Ä‘iáº»m
713,xanhva
714,coverage
715,repairs
716,ps
717,sodoku
718,cpo
719,restore
720,location
721,tr80
722,Ä‘áº¯kn
723,t3
724,t5
725,cloud
726,clg
727,h50
728,nhx
729,nvgh
730,okla
731,qly
732,dd
733,fastbot
734,sÆ°á»›c
735,hangd
736,nguá»“nm
737,nbxj
738,kcio
739,ruoi
740,dcm
741,yb
742,shipe
743,typ
744,thÃ¢p
745,vghnfyk
746,giÃ¢
747,bzbx
748,jzjz
749,nnxnz
750,aoqnq
751,qona
752,qÆ¡n
753,nhaÄƒa
754,white
755,hara
756,xÆ°at
757,cgung
758,ffjfcvbmn
759,lod
760,laq
761,software
762,bhsj
763,nhÃ¢hahha
764,lamq
765,works
766,sawzs
767,Ä‘á»‹n
768,vÃ¡cn
769,dx
770,okonomokmk
771,nhiet
772,boxmua
773,damage
774,should
775,uot
776,duong
777,freship
778,vid
779,covid
780,tip
781,tuong
782,nowship
783,tr6
784,thoarng
785,mhanj
786,khac
787,san6
788,portal
789,xpres
790,besy
791,awesome
792,please
793,a71
794,trÆ°Æ¡c
795,lg
796,ğŸ¤§
797,s24
798,Ä‘at
799,zalopay
800,okp
801,nuoc
802,nhÆ°mg
803,hoáº¡c
804,áº¡a
805,ğŸ™„
806,cbayj
807,chac
808,buble
809,key
810,tea
811,htc
812,celphones
813,airpods
814,sÃ u
815,sefl
816,xiá»n
817,option
818,tuÃ n
819,yes
820,hsnb
821,purchase
822,tr790
823,mp3
824,trending
825,fbt
826,vtel
827,sacombanktiki
828,grab
829,loves
830,she
831,daughter
832,for
833,was
834,far
835,with
836,overal
837,limited
838,hp
839,jt
840,hub
841,htpscheckcoverageaplecom
842,total
843,tick
844,hsau
845,stil
846,is
847,stock
848,although
849,steal
850,makes
851,combined
852,complaint
853,city
854,district
855,based
856,we
857,even
858,late
859,vsmart
860,ifan
861,tbao
862,oj1los
863,mesager
864,tiÃªpa
865,ghia
866,mocha
867,kout
868,kakaka
869,gui
870,suport
871,ğŸŒ¹
872,tjes
873,misun
874,lte
875,hk
876,mobifone
877,vouncher
878,dth
879,ukilahij
880,láº¯mi
881,scb
882,tÃ¢ts
883,vib
884,cÃ³ong
885,sacom
886,sá»n
887,tikitrade
888,ğŸ’“
889,backpay
890,blackfriday
891,oficial
892,trá»ƒ
893,much
894,dich
895,muc
896,tuc
897,action
898,ip256gb
899,or
900,nfc
901,kv
902,tÃ¡m65
903,androi
904,gÃµi
905,tikitranding
906,viáº¹c
907,â€™
908,chinhs
909,sá»‹n
910,ahi
911,ğŸ’
